{
  "season_ahead_avg": {
    "season": 2017.5,
    "auc": 0.7461790260518837,
    "brier": 0.19271260839419962,
    "accuracy": 0.69332774014835
  }
}